{
  "project_info": {
    "project_number": "557549488646",
    "project_id": "expense-sharing-635f7",
    "storage_bucket": "expense-sharing-635f7.appspot.com"
  },
  "client": [
    {
      "client_info": {
        "mobilesdk_app_id": "1:557549488646:android:7c29dc91db1ce401645187",
        "android_client_info": {
          "package_name": "com.aasatech.splitwise.splitwise"
        }
      },
      "oauth_client": [],
      "api_key": [
        {
          "current_key": "AIzaSyCq4H288QXyzLrT4iOBLcT1vrvbhD_ZZlE"
        }
      ],
      "services": {
        "appinvite_service": {
          "other_platform_oauth_client": []
        }
      }
    }
  ],
  "configuration_version": "1"
}